post_title,post_content,tax_area,shop_catch,shop_tel,shop_hours,shop_address,shop_line,official_url,review_star,recommend_text,shop_holiday,shop_booking,shop_parking,basic_price,price_textarea,price_90,price_120,price_150,price_50,price_60,price_70,price_80,price_100,price_180,price_extension,price_nomination,age_18,age_20,age_25,age_30,age_35,age_40,therapist_1_name,therapist_1_img,therapist_1_text,therapist_1_url,therapist_2_name,therapist_2_img,therapist_2_text,therapist_2_url,therapist_3_name,therapist_3_img,therapist_3_text,therapist_3_url,area_avg_90,area_avg_120,area_avg_150,area_ranking_pickup
aroma story’s（アロマ ストーリーズ）,,京橋,,080-7954-8027,12:00～23:00（最終受付20:30）,大阪市都島区東野田町2丁目,https://line.me/R/ti/p/~aroma503,,,,不定休,完全予約制,,11000,,11000,15000,19000,,,,,,,5000,1000,0,2,2,2,0,0,,,,,,,,,,,,,,,,
ARUJI（アルジ）,,京橋,,070-9118-4494,12:00～翌5:00（24時間受付）,大阪市城東区蒲生1丁目,https://line.me/R/ti/p/~arujiaruji2024,,,,不定休,完全予約制,,12000,,,15000,18000,,,,,12000,24000,,0,0,0,0,0,0,0,,,,,,,,,,,,,,,,
BELLO SAVON（ベロサボン）,,京橋,,080-3866-0300,10:00～翌3:00（受付時間9:00～翌1:30）,大阪市都島区東野田町1丁目,https://line.me/R/ti/p/~bello_savon,,,,年中無休,完全予約制,,15000,,15000,20000,25000,,,12000,,,30000,6000,0,0,0,0,0,0,0,,,,,,,,,,,,,,,,
BEST STAR（ベストスター）,,京橋,,080-9476-3063,10:00～翌2:00（受付時間9:00～24:30）,大阪市都島区東野田町1丁目,https://line.me/R/ti/p/~beststarosaka,,,,不定休,完全予約制,,13000,,13000,18000,23000,,,11000,,,28000,,1000,0,0,0,0,0,0,,,,,,,,,,,,,,,,
Dea spa（デアスパ）,,京橋,,080-8157-7072,11:00～23:00（最終受付22:00）,大阪市都島区東野田町1丁目,https://line.me/R/ti/p/~naramegu77,,,,不定休,完全予約制,,16000,,16000,20000,24000,,12000,,,,,,0,0,0,0,2,1,0,,,,,,,,,,,,,,,,
FURYU（フウリュウ）,,京橋,,080-4981-1607,10:00～翌5:00（受付時間9:30～翌3:00）,大阪市都島区東野田町4丁目,,,,,不定休,完全予約制,,13000,,13000,17000,21000,,,,,,25000,7000,1000,0,8,10,2,1,0,,,,,,,,,,,,,,,,
gentle（ジェントル）,,京橋,,070-7513-3087,12:00～翌5:00,大阪市城東区中央,https://line.me/R/ti/p/~930luyld,,,,不定休,完全予約制,,12000,,,15000,18000,,,,,12000,24000,,0,0,0,0,3,4,1,,,,,,,,,,,,,,,,
Mrs.Gold Tiara 京橋店（ミセスゴールドティアラ）,,京橋,,070-9116-7774,11:00～翌5:00（受付時間10:00～翌3:00）,大阪市都島区東野田町5丁目,,,,,不定休,完全予約制,,15000,,15000,20000,25000,,,,,,30000,6000,1000,0,0,0,0,0,0,,,,,,,,,,,,,,,,
桃華（ももか）,,京橋,,080-8002-3006,12:00～22:00（最終受付）,大阪市都島区東野田町,,,,,不定休,完全予約制,,14000,,14000,17000,21000,,12000,,,,25000,5000,1000,0,0,0,0,2,0,,,,,,,,,,,,,,,,
Mrs.Style（ミセススタイル）,,京橋,,070-9030-3399,10:00～翌5:00（最終受付）,大阪市都島区東野田町4丁目,https://line.me/R/ti/p/~mrs_style_osaka,,,,年中無休,完全予約制,,15000,,15000,20000,25000,,,,,,,6000,1000,0,1,9,5,3,1,,,,,,,,,,,,,,,,
joker（ジョーカー）,,京橋,,080-4642-0044,12:00～翌5:00（受付時間11:00～翌5:00）,大阪市都島区東野田町5丁目,,,,,年中無休,完全予約制,,12000,,,,,,,12000,,15000,,8000,1000,0,6,12,0,1,0,,,,,,,,,,,,,,,,
Reluman（リラマン）,,京橋,,070-2447-7168,10:00～翌4:00（受付時間9:30～翌2:00）,大阪市都島区東野田町2丁目,https://line.me/R/ti/p/~reluman5513,,,,年中無休,完全予約制,,16000,,16000,20000,24000,,,,,,28000,,,2,10,7,2,0,0,,,,,,,,,,,,,,,,
ステキSpa,,京橋,,080-6007-9299,10:00～翌5:00,大阪市都島区東野田町4丁目,https://line.me/R/ti/p/~sutekispa,,,,不定休,完全予約制,,16000,,16000,21000,26000,,,,,,,,1000,0,2,6,0,0,0,,,,,,,,,,,,,,,,
天雅（てんが）,,京橋,,080-5221-0003,10:00～翌1:00（最終受付）,詳細な所在地については、ご予約時にお問い合わせください 大きな地図で見る,https://line.me/R/ti/p/~tenga.net,,,,年中無休,完全予約制,,20000,,20000,29000,38000,,,,,,,,2000,0,1,6,4,1,0,,,,,,,,,,,,,,,,
1st the best（ファーストザベスト）,,堺筋本町,,080-5333-5610,10:00～翌5:00（受付時間9:00～翌2:00）,大阪市中央区久太郎町,https://line.me/R/ti/p/~1st.5610,,,,不定休,完全予約制,,12000,,12000,16000,20000,,,,,,24000,,1000,0,0,8,7,14,4,,,,,,,,,,,,,,,,
ミセスあまおうセラピ,,堺筋本町,,090-6758-6265,11:00～翌2:00（受付時間9:30～24:30）,大阪市中央区北久宝寺町1丁目,,,,,不定休,完全予約制,,12000,,12000,16000,20000,,,,,,24000,6000,1000,0,0,0,1,6,15,,,,,,,,,,,,,,,,
aqua SPA（アクアスパ）,,堺筋本町,,090-8686-1151,12:00～翌6:00（受付時間10:00～翌5:00）,大阪市中央区南久宝寺町2丁目,https://line.me/R/ti/p/~aqua.spa.osaka,,,,年中無休,完全予約制,,13000,,13000,17000,21000,,,11000,,,,6000,1000,1,25,12,0,0,0,,,,,,,,,,,,,,,,
美魔女セラピー,,堺筋本町,,080-8327-6366,10:00～翌3:00（最終受付）,大阪市中央区久太郎町,https://line.me/R/ti/p/~bimajo-6366,,,,年中無休,完全予約制,,13000,,13000,17000,21000,,,,,,25000,5000,1000,0,0,0,8,9,8,,,,,,,,,,,,,,,,
Bellucci（ベルッチ）,,堺筋本町,,070-2032-9596,10:00～24:00（受付時間9:00～22:30）,大阪市中央区博労町1丁目,https://line.me/R/ti/p/~07020329596,,,,年中無休,,,13000,,13000,18000,23000,,,,,,28000,6000,1000,0,0,4,4,4,2,,,,,,,,,,,,,,,,
CHILL OUT SPA（チルアウトスパ）,,堺筋本町,,080-9608-0808,10:00～翌5:00（最終受付翌3:30）,大阪市中央区久太郎町,https://line.me/R/ti/p/~035hfknk,,,,不定休,予約優先,,13000,,13000,18000,24000,,,,,,31000,,1000,0,11,9,2,0,0,,,,,,,,,,,,,,,,
心和 堺筋本町店（こより）,,堺筋本町,,090-8529-0546,11:00～翌3:00（受付時間10:00～翌3:00）,大阪市中央区久太郎町,https://line.me/R/ti/p/~124wkyjv,,,,不定休,完全予約制,,13000,,13000,17000,21000,,,,,,,5000,1000,0,0,4,4,6,3,,,,,,,,,,,,,,,,
E.S-DOLL Premium 本店（イーエスドールプレミアム）,,堺筋本町,,070-8526-8742,8:00～翌5:00（最終受付）,大阪市中央区久太郎町1丁目,https://line.me/R/ti/p/~768vcisk,,,,不定休,,,15000,,15000,19000,24000,,11000,,,,,6000,1000,5,18,17,0,0,0,,,,,,,,,,,,,,,,
Eminy Luxury（エミニーラグジュアリー）,,堺筋本町,,070-8963-7338,11:00～翌3:00,大阪市中央区南久宝寺町1丁目,https://line.me/R/ti/p/~eminy2025,,,,不定休,,,16000,,16000,22000,28000,,10000,,,,,,2000,4,28,2,0,0,0,,,,,,,,,,,,,,,,
en（エン）,,堺筋本町,,080-3102-5059,11:00～翌5:00（受付時間10:00～翌3:30）,大阪市中央区博労町,https://line.me/R/ti/p/~en_osaka,,,,不定休,完全予約制,,14000,,14000,18000,22000,,10000,,,,,,,0,7,19,9,3,2,,,,,,,,,,,,,,,,
FANTASY（ファンタジー）,,堺筋本町,,080-9125-0806,11:00～翌5:00（受付時間10:00～翌3:00）,大阪市中央区北久宝寺町,https://line.me/R/ti/p/~443qynck,,,,不定休,完全予約制,,16000,,16000,21000,27000,,,,,,34000,,,0,16,22,1,1,0,,,,,,,,,,,,,,,,
Mrs.Feliciarc 堺筋本町店（ミセスフェリシアーク）,,堺筋本町,,070-9004-9199,11:00～翌5:00（受付時間10:00～翌3:00）,大阪市中央区南久宝寺町1丁目,https://line.me/R/ti/p/~mrsfeliciarc,,,,不定休,完全予約制,,14000,,14000,17000,20000,,,11000,,,23000,6000,1000,0,0,0,0,0,0,,,,,,,,,,,,,,,,
Flora（フローラ）,,堺筋本町,,090-8234-1876,11:00～翌5:00（受付時間10:00～翌3:00）,大阪市中央区南久宝寺町,,,,,不定休,,,17000,,17000,23000,29000,,,,,,36000,7000,1000,0,19,6,0,0,0,,,,,,,,,,,,,,,,
FLYING SPA（フライングスパ）,,堺筋本町,,070-1764-9433,10:00～翌5:00,大阪市中央区南船場2丁目,https://line.me/R/ti/p/~flyingspa555,,,,不定休,予約優先,,12000,,12000,18000,24000,,11000,,,,32000,6000,,0,17,7,0,0,0,,,,,,,,,,,,,,,,
FORTY FIVE（フォーティーファイブ）,,堺筋本町,,070-1829-4545,10:00～翌5:00,大阪市中央区南久宝寺町,https://line.me/R/ti/p/~45fortyfive45,,,,不定休,完全予約制,,13000,,,16000,,,,,,13000,,,1000,1,21,9,0,0,0,,,,,,,,,,,,,,,,
Gals selection（ギャルズセレクション）,,堺筋本町,,070-4729-5000,10:00～翌5:00（受付時間10:00～翌3:00）,大阪市中央区北久宝寺町1丁目,,,,,不定休,完全予約制,,14000,,14000,18000,22000,,10000,,,,,6000,1000,2,32,5,0,0,0,,,,,,,,,,,,,,,,
祇園 the.Mrs 堺筋本町店（ぎおんザミセス）,,堺筋本町,,070-9003-3363,11:00～翌5:00（受付時間10:00～翌3:00）,大阪市中央区南久宝寺町,,,,,不定休,完全予約制,,15000,,15000,20000,25000,,,,,,30000,6000,1000,0,0,0,8,11,13,,,,,,,,,,,,,,,,
G.O.A.T（ゴート）,,堺筋本町,,090-2222-2968,10:00～翌5:00（受付時間8:30～翌3:30）,大阪市中央区南久宝寺町1丁目,https://line.me/R/ti/p/~goat.osaka,,,,不定休,完全予約制,,19000,,19000,24000,29000,,,,,,34000,6000,1000,0,8,12,1,0,0,,,,,,,,,,,,,,,,
Graf Spa（グラフスパ）,,堺筋本町,,080-4829-7115,10:00～翌3:00（最終受付）,大阪市中央区材木町,https://line.me/R/ti/p/~grafspa,,,,年中無休,,,14000,,14000,19000,24000,,9000,,,,,6000,,0,7,4,0,0,0,,,,,,,,,,,,,,,,
庵（いおり）,,堺筋本町,,080-2452-9724,10:00～翌2:00（受付時間9:00～24:00）,大阪市中央区久太郎町1丁目,https://line.me/R/ti/p/~062whlus,,,,不定休,要予約,,14000,,14000,18000,22000,,,,,,,,1000,0,0,25,8,2,0,,,,,,,,,,,,,,,,
感謝,,堺筋本町,,050-8883-9626,10:00～翌2:00（受付時間9:00～翌2:00）,大阪市中央区博労町,,,,,不定休,完全予約制,,13000,,13000,16000,19000,,10000,,,,23000,6000,0,0,0,0,0,0,0,,,,,,,,,,,,,,,,
綺麗なサロン,,堺筋本町,,080-4640-5407,10:00～翌1:00（受付時間9:00～24:00）,大阪市中央区南本町,https://line.me/R/ti/p/~salon1212,,,,年末年始,完全予約制,,14000,,14000,17000,21000,,,,,,,5000,0,0,0,0,0,7,6,,,,,,,,,,,,,,,,
Kiss Mint（キスミント）,,堺筋本町,,090-7312-0584,11:00～翌3:00（受付時間10:00～翌3:00）,大阪市中央区南久宝寺町1丁目,https://line.me/R/ti/p/~665wqfcr,,,,不定休,完全予約制,,13000,,13000,17000,21000,,,,,,,,1000,1,22,17,0,0,0,,,,,,,,,,,,,,,,
心和（こより）,,堺筋本町,,090-8529-0546,11:00～翌3:00（受付時間10:00～翌3:00）,大阪市中央区南久宝寺町1丁目,https://line.me/R/ti/p/~124wkyjv,,,,年中無休,完全予約制,,13000,,13000,17000,21000,,,,,,,5000,1000,0,0,4,4,6,3,,,,,,,,,,,,,,,,
la nature（ラ・ナチュール）,,堺筋本町,,06-6796-7121,10:00～24:00（受付時間9:30～23:00）,大阪市中央区南船場1丁目,,,,,年中無休,完全予約制,,14000,,14000,18000,22000,,,,,,,6000,1000,0,0,3,10,0,0,,,,,,,,,,,,,,,,
madame VODKA（マダムウォッカ）,,堺筋本町,,070-9035-4050,10:00～24:00,大阪市中央区久太郎町1丁目,https://line.me/R/ti/p/~vodka4050,,,,不定休,完全予約制,,15000,,15000,20000,25000,,,12000,,,30000,6000,0,0,0,0,0,13,11,,,,,,,,,,,,,,,,
Magokoro（マゴコロ）,,堺筋本町,,070-1568-3354,10:00～翌5:00（受付時間9:00～翌1:00）,大阪市中央区南久宝寺町1丁目,,,,,不定休,完全予約制,,13000,,13000,17000,22000,,10000,,,,26000,5000,1000,0,1,5,0,3,0,,,,,,,,,,,,,,,,
Maria Elena（マリアエレーナ）,,堺筋本町,,070-6927-0888,10:00～翌3:30（受付時間9:30～翌3:30）,大阪市中央区南久宝寺町,https://line.me/R/ti/p/~mariaelena2025,,,,不定休,予約優先,,12000,,12000,18000,24000,,8000,,,,32000,6000,,0,7,9,0,0,0,,,,,,,,,,,,,,,,
メンズエステの会,,堺筋本町,,070-8521-7595,10:00～翌5:00（受付時間10:00～翌3:30）,大阪市中央区北久宝寺町1丁目,https://line.me/R/ti/p/~533fjjzk,,,,不定休,完全予約制,,15000,,15000,20000,,,,,,,,,0,0,0,0,0,0,0,,,,,,,,,,,,,,,,
ミセスの子守唄,,堺筋本町,,090-4292-4129,9:00～翌3:00,大阪市中央区南久宝寺町1丁目,https://line.me/R/ti/p/~mrs.komoriuta,,,,年中無休,完全予約制,,14000,,,,,,,,,14000,,6000,1000,0,0,1,1,1,5,,,,,,,,,,,,,,,,
Mother Complex（マザーコンプレックス）,,堺筋本町,,070-5437-7696,10:00～翌1:00,大阪市中央区北久宝寺町1丁目,https://line.me/R/ti/p/~mazakon55,,,,不定休,完全予約制,,13000,,13000,17000,21000,,,11000,,,,6000,,0,0,0,12,11,9,,,,,,,,,,,,,,,,
Mrs.Fancy（ミセスファンシー）,,堺筋本町,,080-2341-7108,11:00～24:00（受付時間10:00～24:00）,大阪市中央区材木町,https://line.me/R/ti/p/~mrsfancy,,,,不定休,完全予約制,,12000,,12000,17000,22000,,,,,14000,27000,6000,1000,0,0,0,5,8,9,,,,,,,,,,,,,,,,
Mrs.FlowerSPA（ミセスフラワースパ）,,堺筋本町,,080-4583-9121,11:00～翌5:00（受付時間10:00～翌3:00）,大阪市中央区久太郎町2丁目,https://line.me/R/ti/p/~mrsflowerspa,,,,不定休,完全予約制,,15000,,15000,20000,25000,,,,,,30000,6000,,0,0,0,0,0,0,,,,,,,,,,,,,,,,
Mrs.Mirage（ミセスミラージュ）,,堺筋本町,,070-1842-1888,10:00～翌3:00（受付時間9:00～翌3:00）,大阪市中央区北久宝寺町1丁目,,,,,不定休,,,15000,,15000,20000,25000,,,,,,30000,,,0,0,0,12,7,10,,,,,,,,,,,,,,,,
ミセス大阪メンズエステPREMIER（プレミア）,,堺筋本町,,090-2254-5566,10:00～翌5:00（最終受付）,大阪市中央区南久宝寺町1丁目,https://line.me/R/ti/p/~mrs-premier,,,,不定休,,,15000,,15000,20000,25000,,,,,,30000,6000,1000,0,0,1,9,17,10,,,,,,,,,,,,,,,,
Mrs.Grand Noble（ミセス グランノーブル）,,堺筋本町,,080-1569-2679,12:00～翌5:00（受付時間11:00～翌4:00）,大阪市中央区北久宝寺町1丁目,https://line.me/R/ti/p/~mrs.grandnoble,,,,不定休,,,15000,,15000,19000,24000,,,11000,,,29000,6000,1000,0,0,0,0,1,20,,,,,,,,,,,,,,,,
Artist（アーティスト）,,堺筋本町,,080-4786-4220,10:00～翌3:00（受付時間8:00～翌3:00）,大阪市中央区南久宝寺町1丁目,https://line.me/R/ti/p/~ms-artist,,,,年中無休,完全予約制,,14000,,14000,20000,26000,,,,,,32000,7000,,0,3,31,4,1,0,,,,,,,,,,,,,,,,
M‘s（エムズ）,,堺筋本町,,090-5247-4154,11:00～22:00,大阪市中央区島之内,,,,,不定休,予約優先,,15000,,15000,19000,23000,,,,,,,5000,1000,0,0,0,0,0,0,,,,,,,,,,,,,,,,
Lycka（リッカ）,,堺筋本町,,070-9091-5356,10:00～23:00（受付時間9:30～21:30）,大阪市中央区南本町1丁目,https://line.me/R/ti/p/~818yvstf,,,,不定休,完全予約制,,15000,,15000,20000,25000,,,,,,30000,5000,1000,0,0,0,0,0,0,,,,,,,,,,,,,,,,
Neo Mrs.Cyan（ネオミセスシアン）,,堺筋本町,,070-8975-5151,11:00～翌5:00（受付時間10:00～翌3:30）,大阪市中央区南久宝寺町,https://line.me/R/ti/p/~cyan_osaka,,,,不定休,完全予約制,,12000,,,,,,,,12000,,,6000,,0,0,2,4,0,0,,,,,,,,,,,,,,,,
Office Lady（オフィスレディ）,,堺筋本町,,070-5268-0388,10:00～翌5:00（受付時間9:00～翌3:00）,大阪市中央区北久宝寺町1丁目,https://line.me/R/ti/p/~office.lady,,,,不定休,,,14000,,14000,18000,22000,,,,,,26000,6000,1000,1,19,5,0,0,0,,,,,,,,,,,,,,,,
MUSE（ミューズ）,,堺筋本町,,070-6507-0062,10:00～翌3:00,大阪市中央区北久宝寺町1丁目,,,,,不定休,完全予約制,,14000,,14000,20000,26000,,12000,,,,,7000,,0,2,5,1,0,0,,,,,,,,,,,,,,,,
Elin（エリン）,,堺筋本町,,090-2746-7153,10:00～翌8:00（受付時間9:00～翌7:00）,大阪市中央区大手通3丁目,,,,,年中無休,完全予約制,,17000,,17000,22000,28000,,,,,,,6000,1000,0,22,6,0,0,0,,,,,,,,,,,,,,,,
Feliz（フェリス）,,堺筋本町,,080-8332-5233,10:00～翌8:00（受付時間9:00～翌8:00）,大阪市中央区大手通3丁目,https://line.me/R/ti/p/~642yjllu,,,,年中無休,完全予約制,,20000,,20000,25000,30000,,,,,,,6000,1000,0,15,1,0,0,0,,,,,,,,,,,,,,,,
Perfume（パフューム）,,堺筋本町,,06-6210-1777,9:00～翌5:00（受付時間9:00～翌3:00）,大阪市中央区南久宝寺町,,,,,年中無休,完全予約制,,16000,,16000,20000,26000,,,,,,32000,,1000,0,8,19,1,1,0,,,,,,,,,,,,,,,,
ぷちどり～む,,堺筋本町,,070-8993-5577,11:00～翌3:00,大阪市中央区北久宝寺町1丁目,,,,,不定休,完全予約制,,14000,,14000,18000,22000,,,,,,26000,6000,1000,0,1,0,0,0,0,,,,,,,,,,,,,,,,
プレミアム離宮,,堺筋本町,,080-2370-3425,11:00～24:00（受付時間10:00～22:00）,大阪市中央区南本町,,,,,不定休,完全予約制,,14000,,14000,18000,22000,,,,,,,6000,1000,0,0,1,3,2,0,,,,,,,,,,,,,,,,
Queen Spumante 長堀橋店（クイーンスプマンテ）,,堺筋本町,,080-9602-0880,10:00～翌3:30（受付時間9:30～翌3:30）,大阪市中央区南船場,https://line.me/R/ti/p/~queenspumante2022,,,,不定休,予約優先,,12000,,12000,18000,24000,,8000,,,,32000,6000,,0,13,16,0,0,0,,,,,,,,,,,,,,,,
Queen Spumante 堺筋本町店（クイーンスプマンテ）,,堺筋本町,,080-9602-0880,10:00～翌3:30（最終受付）,大阪市中央区南久宝寺町1丁目,https://line.me/R/ti/p/~queenspumante2022,,,,不定休,予約優先,,12000,,12000,18000,24000,,8000,,,,32000,6000,,0,13,16,0,0,0,,,,,,,,,,,,,,,,
Relafull（リラフル）,,堺筋本町,,090-8533-9924,11:00～24:00（最終受付23:00）,大阪市中央区材木町,,,,,不定休,完全予約制,,14000,,14000,18000,22000,,,,,,26000,,1000,0,3,10,1,1,0,,,,,,,,,,,,,,,,
Royal Sweet（ロイヤルスイート）,,堺筋本町,,090-4236-1960,12:00～翌2:00（受付時間10:30～24:30）,大阪市中央区久太郎町1丁目,https://line.me/R/ti/p/~sweet4519,,,,年中無休,,,15000,,,19000,25000,,,,,15000,31000,,1000,0,20,18,1,0,0,,,,,,,,,,,,,,,,
堺筋本町倶楽部,,堺筋本町,,090-8526-4077,10:00～翌5:00,大阪市中央区南久宝寺町1丁目,https://line.me/R/ti/p/~787vywyd,,,,不定休,完全予約制,,13000,,13000,18000,24000,,,,,,31000,,,0,0,0,6,3,2,,,,,,,,,,,,,,,,
シークレットルーム ヒマワリ,,堺筋本町,,090-1583-0608,9:00～翌5:00（最終受付翌3:00）,大阪市中央区南久宝寺町2丁目,https://line.me/R/ti/p/~secret-room0608,,,,不定休,完全予約制,,,,,,,,,,,,,5000,1000,0,8,7,5,10,6,,,,,,,,,,,,,,,,
Seven Luck 堺筋本町（セブンラック）,,堺筋本町,,080-4396-7554,10:00～翌6:00（受付時間9:00～翌5:00）,大阪市中央区南久宝寺町3丁目,https://line.me/R/ti/p/~sevenlucksh,,,,不定休,,,13000,,13000,18000,23000,,,,,,,6000,,2,18,8,0,0,0,,,,,,,,,,,,,,,,
素人セラピー（しろうとセラピー）,,堺筋本町,,080-8313-9282,10:00～翌2:00（受付時間9:00～24:00）,大阪市中央区北久宝寺町,https://line.me/R/ti/p/~shiroutotherapy,,,,年中無休,完全予約制,,14000,,14000,18000,22000,,,,,,,,,0,0,18,8,2,0,,,,,,,,,,,,,,,,
sirena II（シレーナ）,,堺筋本町,,080-3830-9229,10:00～翌6:00（受付時間10:00～翌5:00）,大阪市中央区南久宝寺町1丁目,https://line.me/R/ti/p/~sirenaosaka,,,,不定休,完全予約制,,14000,,14000,19000,,,,,,,,,,5,28,7,0,0,0,,,,,,,,,,,,,,,,
sirena I（シレーナ）,,堺筋本町,,080-3830-9229,10:00～翌5:00（受付時間10:00～翌5:00）,大阪市中央区北久宝寺町1丁目,https://line.me/R/ti/p/~sirenaosaka,,,,不定休,完全予約制,,14000,,14000,18000,24000,,,,,,,,,5,28,7,0,0,0,,,,,,,,,,,,,,,,
Chaton（シャトン）,,堺筋本町,,080-9608-0778,10:00～翌5:00,大阪市中央区南久宝寺町1丁目,https://line.me/R/ti/p/~chaton-spa,,,,不定休,完全予約制,,14000,,14000,18000,22000,,,,,,26000,6000,1000,2,29,6,0,0,0,,,,,,,,,,,,,,,,
SPALOT.Mrs（スパロットミセス）,,堺筋本町,,070-9236-4709,11:00～翌5:00（受付時間10:00～翌3:00）,大阪市中央区南久宝寺町,https://line.me/R/ti/p/~spalot.mrs,,,,不定休,完全予約制,,13000,,13000,17000,21000,,,,,,25000,6000,1000,0,0,0,0,0,0,,,,,,,,,,,,,,,,
TAMANEGI（タマネギ）,,堺筋本町,,06-4303-5800,10:00～翌5:00（24時間受付）,大阪市中央区博労町1丁目,https://line.me/R/ti/p/~tamaoosaka,,,,年中無休,予約優先,,13000,,13000,,,,10000,,,,,7000,1000,1,22,17,0,0,0,,,,,,,,,,,,,,,,
天上人PREMIUM（てんじょうびとプレミアム）,,堺筋本町,,090-7771-1740,10:00～翌4:00（最終受付）,大阪市中央区博労町,,,,,不定休,完全予約制,,16000,,16000,21000,26000,,,,,,,,1000,2,22,11,0,0,0,,,,,,,,,,,,,,,,
The.gloss（ザ・グロス）,,堺筋本町,,080-3039-4363,9:00～翌5:00（受付時間9:00～翌3:00）,大阪市中央区北久宝寺町1丁目,https://line.me/R/ti/p/~gloss6789,,,,不定休,完全予約制,,16000,,16000,22000,28000,,,,,,34000,6000,,2,12,4,0,0,0,,,,,,,,,,,,,,,,
桃源郷（とうげんきょう）,,堺筋本町,,070-4192-6210,10:00～翌5:00,大阪市中央区南久宝寺町1丁目,https://line.me/R/ti/p/~tougenkyou1234,,,,不定休,完全予約制,,12000,,12000,16000,,,,,,,20000,6000,1000,0,5,12,1,4,0,,,,,,,,,,,,,,,,
UNION＋（ユニオンプラス）,,堺筋本町,,080-9600-9300,10:00～翌1:00（受付時間9:00～24:00）,大阪市中央区北久宝寺町1丁目,,,,,不定休,,,14000,,14000,19000,24000,,,,,,29000,6000,1000,0,0,0,3,2,4,,,,,,,,,,,,,,,,
unison（ユニゾン）,,堺筋本町,,050-1725-0909,10:00～翌5:00,大阪市西区北堀江4丁目,https://line.me/R/ti/p/~277wtwge,,,,不定休,要予約,,15000,,15000,19000,22000,,,,,,,,,0,1,1,2,0,0,,,,,,,,,,,,,,,,
VIO:V（ヴィオーヴ）,,堺筋本町,,070-1814-0342,10:00～22:00（受付時間9:00～21:00）,大阪市中央区南久宝寺町2丁目,https://line.me/R/ti/p/~068qzkgr,,,,年中無休,完全予約制,,11000,,,,,11000,,,,,,,0,0,0,0,0,0,0,,,,,,,,,,,,,,,,
和いふらいん,,堺筋本町,,06-4392-7171,10:00～翌5:00（24時間受付）,大阪市中央区博労町1丁目,https://line.me/R/ti/p/~wife2018,,,,年中無休,,,11000,,11000,,,,9000,,,,,6000,1000,0,0,13,8,5,7,,,,,,,,,,,,,,,,
with（ウィズ）,,堺筋本町,,070-1349-7567,14:00～翌5:00（受付時間14:00～翌3:30）,大阪市中央区南久宝寺町1丁目,https://line.me/R/ti/p/~180howsj,,,,不定休,,,15000,,15000,20000,25000,,11000,,,,30000,6000,1000,3,14,3,1,0,0,,,,,,,,,,,,,,,,
優楽亭（ゆうらくてい）,,堺筋本町,,080-4484-8484,12:00～翌4:00（受付時間12:00～翌2:30）,大阪市中央区北久宝寺町1丁目,https://line.me/R/ti/p/~yukakutei84,,,,不定休,要予約,,13000,,13000,18000,22000,,,,,15000,29000,,1000,0,4,2,1,0,0,,,,,,,,,,,,,,,,
ゆりかご,,堺筋本町,,06-6125-5838,10:00～翌5:00（受付時間9:30～翌3:30）,大阪市中央区久太郎町,https://line.me/R/ti/p/~kokoronoyurikago,,,,年末年始,要予約,,13000,,13000,17000,21000,,,,,,25000,6000,1000,0,0,0,0,0,0,,,,,,,,,,,,,,,,
Amore・SPA（アモーレスパ）,,堺東,,070-4207-9831,10:00～翌4:00（受付時間10:00～翌2:00）,大阪府堺市堺区北花田口町2丁目,https://line.me/R/ti/p/~amore.spa,,,,不定休,完全予約制,,14000,,,,,,,,,14000,,,0,0,4,14,6,1,0,,,,,,,,,,,,,,,,
BAMBI SPA（バンビスパ）,,堺東,,070-1828-4334,12:00～翌5:00,大阪府堺市堺区南瓦町,https://line.me/R/ti/p/~bambispasakai,,,,不定休,,,14000,,14000,18000,22000,,,10000,,,26000,6000,,0,8,4,1,0,0,,,,,,,,,,,,,,,,
Bell.Madonna 堺東ルーム（ベルマドンナ）,,堺東,,080-4989-5040,10:00～翌5:00（受付時間9:00～翌3:00）,大阪府堺市堺区南花田口町1丁目,https://line.me/R/ti/p/~610rnovz,,,,不定休,完全予約制,,12000,,,,,,,,,12000,,5000,,0,0,0,11,13,14,,,,,,,,,,,,,,,,
Mrs.Bell＆Rose SPA（ミセスベルアンドローズスパ）,,堺東,,090-3950-8906,11:00～翌5:00（受付時間10:00～翌3:00）,大阪府堺市堺区翁橋町,https://line.me/R/ti/p/~mrs_bellrose,,,,不定休,完全予約制,,15000,,15000,20000,25000,,,,,,30000,6000,1000,0,0,0,1,0,0,,,,,,,,,,,,,,,,
CROWN MERMAID（クラウンマーメイド）,,堺東,,080-9740-8261,11:00～翌5:00,大阪府堺市堺区南瓦町1丁目,https://line.me/R/ti/p/~crown.m09,,,,不定休,完全予約制,,13000,,13000,17000,21000,,10000,,,,25000,6000,1000,1,21,10,3,2,0,,,,,,,,,,,,,,,,
D.I.A 堺東店（ダイヤ）,,堺東,,070-3140-8008,11:00～翌6:00（最終受付翌4:30）,大阪府堺市堺区北庄町2丁目,https://line.me/R/ti/p/~452bvzee,,,,不定休,予約優先,,15000,,15000,19000,23000,,,,,,27000,6000,,1,29,7,0,1,0,,,,,,,,,,,,,,,,
LEON SPA Gold 堺東店（レオンスパゴールド）,,堺東,,070-8988-8423,10:00～翌5:00（受付時間9:00～翌4:00）,大阪府堺市堺区翁橋町,https://line.me/R/ti/p/~leon_spa_gold,,,,年中無休,完全予約制,,16000,,16000,21000,26000,,,13000,,,31000,,1000,0,0,5,2,0,0,,,,,,,,,,,,,,,,
LEON SPA（レオンスパ）,,堺東,,070-4032-5446,10:00～翌5:00（受付時間9:00～翌4:00）,大阪府堺市堺区翁橋町,https://line.me/R/ti/p/~leonspa,,,,年中無休,完全予約制,,14000,,14000,18000,22000,,10000,,,,26000,6000,,0,5,2,0,0,0,,,,,,,,,,,,,,,,
MADAM JEWEL（マダムジュエル）,,堺東,,070-9154-5024,10:00～翌5:00（受付時間9:00～翌4:00）,大阪府堺市堺区南瓦町,https://line.me/R/ti/p/~madam.jewel,,,,年中無休,完全予約制,,15000,,15000,20000,25000,,,12000,,,30000,6000,1000,0,0,0,0,0,0,,,,,,,,,,,,,,,,
Oil Madrid（オイルマドリード）,,堺東,,080-4824-6033,12:00～翌5:00（最終受付）,大阪府堺市堺区南瓦町,https://line.me/R/ti/p/~oilmadrid,,,,年中無休,完全予約制,,14000,240分: 34000,14000,18000,22000,,,10000,,,26000,6000,,3,19,16,1,0,0,,,,,,,,,,,,,,,,
IncaRose（インカローズ）,,堺東,,080-3833-0721,10:00～翌4:00,大阪府堺市堺区北花田口町,,,,,不定休,,,15000,,15000,19000,,,11000,,,,,6000,1000,3,6,5,2,1,0,,,,,,,,,,,,,,,,
おもち,,堺東,,070-2484-5741,11:00～翌2:00,大阪府堺市堺区中瓦町1丁,https://line.me/R/ti/p/~omochi-sakaisinosaka,,,,不定休,完全予約制,,16000,,16000,20000,24000,,,,,,,6000,,0,2,10,0,0,0,,,,,,,,,,,,,,,,
Relaxation Hug 堺店（ハグ）,,堺東,,090-7887-5103,10:00～翌3:00（最終受付）,大阪府堺市堺区北瓦町1丁目,,,,,年中無休,予約優先,,13000,,13000,18000,23000,,,,,,28000,6000,1000,0,0,8,7,11,3,,,,,,,,,,,,,,,,
YOLU SPA 堺東（ヨルスパ）,,堺東,,080-4644-2400,10:00～翌4:00（最終受付）,大阪府堺市堺区翁橋町,,,,,不定休,,,16000,,16000,22000,28000,,,14000,,,,,1000,5,20,11,4,0,0,,,,,,,,,,,,,,,,
Bellica（ベリカ）,,十三,,070-8580-8977,12:00～翌3:00,大阪市淀川区十三本町1丁目,,,,,不定休,予約優先,,12000,,,,,,,,,12000,,5000,1000,0,0,0,0,0,0,,,,,,,,,,,,,,,,
みるくSPA,,十三,,070-2293-0888,11:00～翌5:00,大阪市淀川区十三本町1丁目,https://line.me/R/ti/p/~milkspa777,,,,年中無休,完全予約制,,13000,240分: 37000,13000,17000,22000,,,10000,,,27000,6000,1000,3,26,11,0,0,0,,,,,,,,,,,,,,,,
Mrs.OnlyOne 十三店（ミセスオンリーワン）,,十三,,070-9098-5199,10:30～翌3:00（受付時間10:00～翌1:30）,大阪市淀川区十三東,https://line.me/R/ti/p/~mrsonlyone,,,,不定休,完全予約制,,14000,,14000,,,,,12000,,,,6000,,0,0,0,0,0,0,,,,,,,,,,,,,,,,
すきっと,,心斎橋,,090-4962-9964,12:00～翌2:00,大阪市中央区西心斎橋1丁目,https://line.me/R/ti/p/~skit-skit,,,,年中無休,完全予約制,,13000,,13000,17000,,,10000,,,,,5000,1000,0,20,17,2,1,0,,,,,,,,,,,,,,,,
Lumiere（リュミエール）,,心斎橋,,090-3201-0888,10:00～翌1:00,大阪市西区北堀江1丁目,https://line.me/R/ti/p/~888xhmvj,,,,不定休,完全予約制,,13000,,13000,18000,23000,,,,,,,5000,1000,1,5,9,4,1,1,,,,,,,,,,,,,,,,
マダムスパ,,心斎橋,,080-3829-7200,11:00～翌2:00（受付時間10:00～24:00）,大阪市西区北堀江2丁目6,,,,,年中無休,完全予約制,,11000,,11000,15000,19000,,,,,,24000,5000,0,0,0,1,4,7,7,,,,,,,,,,,,,,,,
moani（モアニ）,,心斎橋,,090-6676-8270,20:00～23:00/土日祝11:00～23:00（最終受付21:30※60分コースのご案内）,大阪市西区北堀江1丁目22-13 北堀江1番館206号室,https://line.me/R/ti/p/~515fllud,,,,不定休,完全予約制,,10000,,10000,13000,16000,,,,,,19000,,0,0,0,0,1,0,0,,,,,,,,,,,,,,,,
Nurest（ヌーレスト）,,心斎橋,,050-1808-4266,10:00～翌5:00（受付時間10:00～翌3:00）,大阪市西区北堀江2丁目,https://line.me/R/ti/p/~nurest01,,,,不定休,予約優先,,14000,,14000,19000,,,,,,,,,1000,0,0,17,3,0,0,,,,,,,,,,,,,,,,
Relaxgarden（リラックスガーデン）,,心斎橋,,080-6173-8383,11:00～24:00（最終受付）,大阪市西区新大阪町4-9,https://line.me/R/ti/p/~relax810,,,,年中無休,完全予約制,,12000,,12000,15000,19000,,,,,,24000,5000,0,0,2,7,1,0,0,,,,,,,,,,,,,,,,
Sanando（サナンド）,,心斎橋,,080-8520-0955,10:00～翌2:00（受付時間9:00～翌1:00）,大阪市中央区南船場,https://line.me/R/ti/p/~sanando,,,,不定休,完全予約制,,14000,,14000,18000,23000,,,,,,29000,6000,1000,0,21,11,0,0,0,,,,,,,,,,,,,,,,
4h（フォーエイチ）,,新大阪,,070-1789-1515,10:00～翌5:00（受付時間9:00～翌4:00）,大阪市東淀川区東中島1丁目,https://line.me/R/ti/p/~4h_osaka,,,,不定休,完全予約制,,14000,,14000,18000,22000,,,,,,26000,7000,0,2,13,15,0,0,0,,,,,,,,,,,,,,,,
愛のゆりかご,,新大阪,,080-9004-2543,10:00～翌5:00/日10:00～翌2:00（受付時間9:00～翌3:30/日9:00～24:30）,大阪市東淀川区東中島1丁目,https://line.me/R/ti/p/~ainoyurikago,,,,不定休,完全予約制,,11000,,11000,15000,21000,,,,,,25000,6000,1000,0,0,0,0,0,0,,,,,,,,,,,,,,,,
AMATERAS（アマテラス）,,新大阪,,080-5295-4870,11:00～翌2:00,大阪市東淀川区東中島1丁目,,,,,不定休,完全予約制,,16000,,16000,22000,28000,,12000,,,,32000,,,4,27,9,0,0,0,,,,,,,,,,,,,,,,
Bell.Madonna 梅田・新大阪大阪・西中島・十三・京橋ルーム（ベルマドンナ）,,新大阪,,080-4989-5040,10:00～翌5:00（受付時間9:00～翌3:00）,大阪市淀川区西中島7丁目,https://line.me/R/ti/p/~610rnovz,,,,不定休,完全予約制,,12000,,,,,,,,,12000,,5000,1000,0,0,0,12,14,12,,,,,,,,,,,,,,,,
僕のママスパ,,新大阪,,070-1783-1250,10:00～24:00（受付時間9:30～22:00）,大阪市東淀川区東中島1丁目,,,,,不定休,完全予約制,,12000,240分: 32000,12000,15000,20000,,10000,11000,,,24000,6000,0,0,0,0,1,1,1,,,,,,,,,,,,,,,,
Chaleureux（シャルル）,,新大阪,,070-1942-5966,11:00～翌3:00（受付時間10:00～翌1:00）,大阪市東淀川区東中島1丁目,https://line.me/R/ti/p/~chal1101,,,,年中無休,完全予約制,,15000,,15000,18000,23000,,,12000,,,27000,6000,1000,0,1,2,7,2,1,,,,,,,,,,,,,,,,
Checkmate 新大阪大阪・梅田（チェックメイト）,,新大阪,,070-8546-7505,10:00～翌2:00（24時間受付）,大阪市東淀川区東中島1丁目,https://line.me/R/ti/p/~artemis20250915,,,,年中無休,,,14000,,14000,20000,26000,,10000,,,,30000,,,2,21,10,0,0,0,,,,,,,,,,,,,,,,
DAZZLE（ダズル）,,新大阪,,070-5656-2320,12:00～翌5:00（最終受付翌3:00）,大阪市東淀川区東中島1丁目18,https://line.me/R/ti/p/~dazzle-es,,,,年中無休,予約優先,,15000,,15000,20000,25000,,10000,,,,30000,6000,1000,4,10,10,4,0,0,,,,,,,,,,,,,,,,
縁（えにし）,,新大阪,,070-1768-7025,10:00～翌5:00（最終受付）,大阪市淀川区西中島6丁目,,,,,年中無休,完全予約制,,14000,,14000,18000,22000,,,,,,,5000,,0,0,0,0,3,1,,,,,,,,,,,,,,,,
Mrs.Feliciarc 新大阪大阪店（ミセスフェリシアーク）,,新大阪,,070-9004-9199,11:00～翌5:00（受付時間10:00～翌3:00）,大阪市東淀川区東中島1丁目,https://line.me/R/ti/p/~mrsfeliciarc,,,,不定休,完全予約制,,14000,,14000,17000,20000,,,11000,,,23000,6000,1000,0,0,0,0,0,0,,,,,,,,,,,,,,,,
祇園 the.Mrs 新大阪大阪店（ぎおんザミセス）,,新大阪,,070-9003-3363,11:00～翌5:00（受付時間10:00～翌3:00）,大阪市東淀川区東中島1丁目,,,,,不定休,完全予約制,,15000,,15000,20000,25000,,,,,,30000,6000,1000,0,0,0,8,11,13,,,,,,,,,,,,,,,,
Mrs.Gold Tiara 新大阪大阪店（ミセスゴールドティアラ）,,新大阪,,070-9116-7774,11:00～翌5:00（受付時間10:00～翌3:00）,大阪市東淀川区東中島1丁目,,,,,不定休,完全予約制,,15000,,15000,20000,25000,,,,,,30000,6000,1000,0,0,0,0,0,0,,,,,,,,,,,,,,,,
ヒルガオ,,新大阪,,070-8305-1525,10:00～翌5:00,大阪市東淀川区東中島1丁目,https://line.me/R/ti/p/~hirugao06,,,,不定休,予約優先,,15000,,15000,20000,25000,,,13000,,,30000,7000,0,0,0,0,9,16,10,,,,,,,,,,,,,,,,
彼女ん家,,新大阪,,090-8502-0394,12:00～翌5:00（最終受付翌5:00）,大阪市東淀川区東中島1丁目,https://line.me/R/ti/p/~kanojonti,,,,年中無休,,,13000,,13000,17000,21000,,10000,,,,25000,,1000,4,32,4,0,0,0,,,,,,,,,,,,,,,,
極SPA（きわみスパ）,,新大阪,,070-4124-1191,11:00～翌5:00（受付時間10:00～翌4:00）,大阪市淀川区西中島7丁目,https://line.me/R/ti/p/~gokuspa,,,,年中無休,完全予約制,,13000,,13000,18000,22000,,10000,,,,,6000,1000,2,23,15,0,0,0,,,,,,,,,,,,,,,,
こころのゆりかご,,新大阪,,080-5548-5838,10:00～翌5:00/日10:00～翌2:00（受付時間9:00～翌3:30（日曜日のみ受付時間9:00～24:30））,大阪市東淀川区東中島1丁目,https://line.me/R/ti/p/~kokoronoyurikago,,,,不定休,完全予約制,,13000,,13000,17000,21000,,,,,,25000,6000,1000,0,0,0,0,0,0,,,,,,,,,,,,,,,,
Mrs.Merci SPA 新大阪大阪ルーム（ミセスメルシースパ）,,新大阪,,070-8511-0932,11:00～翌5:00（受付時間10:00～翌3:00）,大阪市東淀川区東中島1丁目,https://line.me/R/ti/p/~mercispa,,,,不定休,完全予約制,,15000,,15000,20000,25000,,,,,,30000,6000,,0,0,0,0,0,0,,,,,,,,,,,,,,,,
Mrs.FlowerSPA 新大阪大阪（ミセスフラワースパ）,,新大阪,,080-4583-9121,11:00～翌5:00（受付時間10:00～翌3:00）,大阪市東淀川区東中島1丁目,https://line.me/R/ti/p/~mrsflowerspa,,,,不定休,完全予約制,,15000,,15000,20000,25000,,,,,,30000,6000,,0,0,0,0,0,0,,,,,,,,,,,,,,,,
Mrs.L’Amant（ミセスラマン）,,新大阪,,070-8492-1528,10:00～翌1:00（受付時間9:00～23:30）,大阪市淀川区宮原1丁目,,,,,不定休,完全予約制,,13000,,13000,17000,21000,,,,,,,6000,,0,0,0,0,0,0,,,,,,,,,,,,,,,,
Mrs.OnlyOne 新大阪大阪店（ミセスオンリーワン）,,新大阪,,070-9098-5199,10:30～翌3:00（受付時間10:00～翌1:30）,大阪市東淀川区東中島1丁目,https://line.me/R/ti/p/~mrsonlyone,,,,不定休,完全予約制,,14000,,14000,,,,,12000,,,,6000,,0,0,0,0,0,0,,,,,,,,,,,,,,,,
Mrs.Rank UP（ミセスランクアップ）,,新大阪,,070-9454-3588,11:00～翌5:00（受付時間10:00～翌3:00）,大阪市東淀川区東中島1丁目,https://line.me/R/ti/p/~mrs.Rankup3588,,,,不定休,完全予約制,,15000,,15000,20000,25000,,,,,,30000,7000,,0,0,4,0,5,2,,,,,,,,,,,,,,,,
Mrs.Emmy（ミセスエミー）,,新大阪,,090-3464-8333,10:00～翌3:00（受付時間9:00～翌3:00）,大阪市淀川区宮原1丁目,https://line.me/R/ti/p/~septemsalon,,,,不定休,完全予約制,,14000,,14000,17000,21000,,10000,,,,26000,,1000,1,14,11,8,4,1,,,,,,,,,,,,,,,,
Alivie 新大阪大阪（アリビエ）,,新大阪,,080-8850-3660,10:00～翌5:00（受付時間9:00～翌3:00）,大阪市東淀川区東中島1丁目,https://line.me/R/ti/p/~alivieosaka,,,,年中無休,完全予約制,,13000,,13000,17000,22000,,10000,,,,26000,6000,1000,4,17,18,1,0,0,,,,,,,,,,,,,,,,
赤まむし,,新大阪,,070-9317-9009,10:00～24:00,大阪市淀川区宮原1丁目,https://line.me/R/ti/p/~redsnake123,,,,不定休,完全予約制,,13000,,13000,16000,19000,,10000,,,,24000,6000,0,0,0,0,0,0,3,,,,,,,,,,,,,,,,
RINATO（リナート）,,新大阪,,080-4393-7100,12:00～翌3:00,大阪市東淀川区東中島1丁目,,,,,不定休,完全予約制,,12000,,,,,,,,,12000,,5000,1000,0,1,3,5,5,1,,,,,,,,,,,,,,,,
Venus（ヴィーナス）,,新大阪,,090-8773-4545,11:00～翌5:00（受付時間10:00～翌4:00）,大阪市東淀川区東中島1丁目,https://line.me/R/ti/p/~venus2024osaka,,,,不定休,完全予約制,,14000,,14000,18000,24000,,,,,,,6000,,1,10,4,0,0,0,,,,,,,,,,,,,,,,
Crocodile（クロコダイル）,,新大阪,,070-9049-4836,10:00～翌1:00,大阪市淀川区宮原1丁目,https://line.me/R/ti/p/~wani19072,,,,不定休,完全予約制,,16000,,16000,20000,24000,,,,,,30000,6000,0,0,0,1,1,0,0,,,,,,,,,,,,,,,,
ゆだねて,,新大阪,,080-8899-1363,10:00～翌3:00（最終受付翌2:00）,大阪市淀川区宮原1丁目,https://line.me/R/ti/p/~boxbox888,,,,不定休,完全予約制,,13000,,13000,16000,19000,,10000,,,,24000,6000,2000,0,0,0,0,0,6,,,,,,,,,,,,,,,,
結 ミセス邸（ゆい）,,新大阪,,080-9746-4452,10:00～翌4:00（最終受付）,大阪市東淀川区東中島1丁目,,,,,年中無休,完全予約制,,14000,,14000,18000,23000,,10000,,,,,6000,,0,0,0,0,0,0,,,,,,,,,,,,,,,,
もくきん堂,,西中島,,090-4494-2609,12:00～翌5:00（最終受付）,大阪市淀川区西中島,,,,,不定休,完全予約制,,14000,,14000,18000,22000,,,,,,26000,6000,,2,20,16,1,1,0,,,,,,,,,,,,,,,,
Mrs.Mermaid（ミセスマーメイド）,,谷町九丁目,,080-9166-3008,10:00～翌2:00（受付時間8:00～24:00）,大阪市中央区東高麗橋3丁目,https://line.me/R/ti/p/~＠mrs.mermaid,,,,不定休,予約優先,,13000,,13000,16000,20000,,10000,,,,26000,6000,1000,0,0,2,5,5,9,,,,,,,,,,,,,,,,
アヌSPA,,谷町九丁目,,070-4416-2728,11:00～翌3:00（受付時間10:00～翌3:00）,大阪市天王寺区生玉町2丁目,https://line.me/R/ti/p/~anuspa,,,,不定休,完全予約制,,13000,,,17000,22000,,,,,13000,27000,6000,1000,0,0,3,8,4,2,,,,,,,,,,,,,,,,
美魔女refle 谷町9丁目店,,谷町九丁目,,090-1020-0024,10:00～翌4:00（受付時間9:00～翌2:00）,大阪市天王寺区生玉町,https://line.me/R/ti/p/~374svpzs,,,,年中無休,予約優先,,14000,,14000,18000,,,,,,,,6000,2000,0,0,0,1,5,8,,,,,,,,,,,,,,,,
DSP（ディーエスピー）,,谷町九丁目,,070-1821-9107,10:00～翌2:00（受付時間9:00～翌1:00）,大阪市天王寺区生玉町,https://line.me/R/ti/p/~809codao,,,,年中無休,完全予約制,,17000,,17000,23000,29000,,12000,,,,,6000,,2,10,25,2,0,0,,,,,,,,,,,,,,,,
癒しなでしこ,,谷町九丁目,,070-4198-2483,10:00～翌5:00（最終受付翌3:30）,大阪市天王寺区生玉前町2丁目,,,,,不定休,予約優先,,13000,,13000,17000,21000,,,,,,25000,6000,1000,0,10,18,6,6,0,,,,,,,,,,,,,,,,
Mrs.AUBE SPA（ミセスオーブスパ）,,天神橋筋六丁目,,080-4624-8978,11:00～翌5:00（受付時間10:00～翌3:00）,大阪市北区菅栄町,,,,,不定休,完全予約制,,14000,,14000,16000,21000,,,12000,,,26000,6000,1000,0,0,0,7,14,13,,,,,,,,,,,,,,,,
bulan（ブラン）,,天神橋筋六丁目,,080-4972-5533,11:00～23:00,大阪市北区浪花町,,,,,不定休,完全予約制,,12000,,,,,,,,,12000,,4000,1000,0,0,0,0,0,0,,,,,,,,,,,,,,,,
LEON SPA Gold 桜川店（レオンスパゴールド）,,難波,,070-8494-5771,10:00～翌5:00（受付時間9:00～翌3:30）,大阪市浪速区幸町3丁目,https://line.me/R/ti/p/~lgosaka,,,,年中無休,完全予約制,,16000,,16000,21000,26000,,,13000,,,31000,,1000,0,0,3,1,0,0,,,,,,,,,,,,,,,,
ミセス美オーラ,,難波,,06-4256-2331,9:00～翌5:00（最終受付）,大阪市浪速区桜川,https://line.me/R/ti/p/~mrsviaura,,,,年中無休,完全予約制,,15000,,15000,20000,25000,,,12000,,,30000,6000,1000,0,2,13,5,10,4,,,,,,,,,,,,,,,,
山崎（やまざき）,,難波,,050-3150-8558,10:00～24:00,大阪市西区南堀江2丁目,https://line.me/R/ti/p/~yamazaki.8558,,,,不定休,完全予約制,,18000,,18000,23000,,,,,,,,,1000,0,0,1,0,1,0,,,,,,,,,,,,,,,,
ALYO（アルヨ）,,日本橋,,090-3875-9643,10:00～翌5:00（受付時間9:30～翌5:00）,大阪市中央区瓦屋町3丁目,https://line.me/R/ti/p/~alyo4589,,,,年中無休,完全予約制,,14000,,14000,18000,22000,,,10000,,,26000,6000,1000,3,27,9,0,0,0,,,,,,,,,,,,,,,,
ANA SPACIA（アナスパシア）,,日本橋,,070-4221-9658,12:00～24:00（受付時間11:00～24:00）,大阪市中央区高津1丁目,https://line.me/R/ti/p/~anaspacia,,,,年中無休,完全予約制,,19000,,19000,25000,31000,,,,,,37000,8000,,0,2,7,5,1,0,,,,,,,,,,,,,,,,
Aroma one（アロマワン）,,日本橋,,090-6879-7214,13:00～翌5:00,ご予約時にお問い合わせください,,,,,不定休,,,13000,,13000,16000,,,10000,,,,,5000,,9,27,3,0,0,0,,,,,,,,,,,,,,,,
当たりSPA 日本橋店,,日本橋,,070-8569-1352,10:00～翌5:00（受付時間9:00～翌5:00）,大阪市中央区日本橋,https://line.me/R/ti/p/~706wejpn,,,,年中無休,完全予約制,,13000,,13000,17000,22000,,9000,,,,26000,,1000,5,16,19,0,0,0,,,,,,,,,,,,,,,,
Bell.Madonna 日本橋・堺筋本町・谷町ルーム（ベルマドンナ）,,日本橋,,080-4989-5040,10:00～翌5:00（受付時間9:00～翌3:00）,大阪市中央区高津2丁目,https://line.me/R/ti/p/~610rnovz,,,,不定休,完全予約制,,12000,,,,,,,,,12000,,5000,,0,0,0,11,13,14,,,,,,,,,,,,,,,,
ぶるーべりーSPA,,日本橋,,070-9073-5232,12:00～翌5:30（受付時間12:00～翌4:00）,大阪市中央区高津1丁目,,,,,不定休,完全予約制,,16000,,16000,20000,24000,,,,,,28000,6000,0,0,6,8,0,0,0,,,,,,,,,,,,,,,,
CLUB LEGGENDA（クラブレジェンダ）,,日本橋,,080-4709-6286,16:00～翌4:00（受付時間12:00～翌3:30）,大阪市中央区高津2丁目,https://line.me/R/ti/p/~886hazuf,,,,不定休,,,13000,,13000,17000,22000,10000,,,,,27000,6000,1000,7,25,7,0,0,0,,,,,,,,,,,,,,,,
C.r.e.a.m（クリーム）,,日本橋,,080-6210-9216,10:00～翌5:00（最終受付翌3:30）,大阪市中央区高津2丁目,https://line.me/R/ti/p/~creamosaka,,,,不定休,完全予約制,,13000,,13000,17000,22000,,,,,,,6000,1000,0,21,19,0,0,0,,,,,,,,,,,,,,,,
DEAR（ディアー）,,日本橋,,090-8526-0138,11:00～翌5:00,大阪市中央区高津2丁目,https://line.me/R/ti/p/~deardear0615,,,,不定休,予約優先,,14000,,14000,18000,22000,,,10000,,,,6000,1000,2,24,13,0,0,0,,,,,,,,,,,,,,,,
E・Over（イーオーバー）,,日本橋,,070-1860-9042,11:00～翌6:00（営業時間10:00～翌4:30）,大阪市中央区高津3丁目,https://line.me/R/ti/p/~eover0501,,,,不定休,予約優先,,12500,,,,,,,,,12500,,,1000,0,3,1,0,0,0,,,,,,,,,,,,,,,,
Femme Fatale（ファムファタール）,,日本橋,,080-5797-3740,12:00～翌5:00,大阪市中央区高津2丁目,https://line.me/R/ti/p/~famfam.10.01,,,,年中無休,予約優先,,13000,,13000,18000,,,,10000,,,,,,1,22,8,0,0,0,,,,,,,,,,,,,,,,
Firstclass（ファーストクラス）,,日本橋,,06-6633-7886,10:00～翌2:00（受付時間9:00～翌1:00）,大阪市中央区瓦屋町3丁目,https://line.me/R/ti/p/~587wczpy,,,,不定休,完全予約制,,14000,,14000,18000,23000,,10000,,,,,7000,1000,7,13,17,2,0,0,,,,,,,,,,,,,,,,
GENTLE+（ジェントルプラス）,,日本橋,,080-6219-8808,11:00～翌5:00（最終受付翌3:30）,大阪市中央区日本橋1丁目,https://line.me/R/ti/p/~jorker-king,,,,不定休,,,13000,,13000,17000,21000,,,,,,,6000,1000,4,29,4,2,0,0,,,,,,,,,,,,,,,,
神の領域,,日本橋,,070-1839-3937,11:00～翌5:00,大阪市中央区高津3丁目,,,,,不定休,,,32500,,32500,,,,19000,24500,28500,37500,,12000,1000,0,0,0,0,0,0,,,,,,,,,,,,,,,,
Grand Luxe（グランリュクス）,,日本橋,,06-6484-0633,10:00～翌4:00（受付時間9:00～翌2:30）,大阪市中央区高津,https://line.me/R/ti/p/~grand_luxe,,,,不定休,完全予約制,,22000,,22000,27500,35200,,,,,,45100,11000,,0,0,0,0,0,0,,,,,,,,,,,,,,,,
はぴすぱ,,日本橋,,090-6300-0623,10:00～翌5:00（最終受付）,詳細な所在地については、ご予約時にお問い合わせください 大きな地図で見る,,,,,年中無休,,,13000,,13000,19000,25000,,,,,,,6000,1000,0,4,1,0,0,0,,,,,,,,,,,,,,,,
KAREN（カレン）,,日本橋,,070-2304-0076,10:00～翌3:00,大阪市中央区高津2丁目,https://line.me/R/ti/p/~mrs.karen,,,,不定休,完全予約制,,23000,,23000,29000,35000,,,,,,41000,10000,,0,10,12,3,2,0,,,,,,,,,,,,,,,,
Karisome（かりそめ）,,日本橋,,090-7005-6762,10:00～翌3:30（最終受付）,大阪市中央区高津2丁目,https://line.me/R/ti/p/~karisome0801,,,,年中無休,,,13000,,13000,17000,21000,,,,,,25000,5000,,0,0,0,13,9,10,,,,,,,,,,,,,,,,
貴婦人倶楽部（きふじんくらぶ）,,日本橋,,090-9876-7853,10:00～翌5:00（受付時間9:30～翌3:30）,大阪市中央区高津2丁目,https://line.me/R/ti/p/~kifujinclub,,,,不定休,完全予約制,,10000,,,,,,,,10000,13000,,6000,1000,0,0,0,15,9,8,,,,,,,,,,,,,,,,
君色ドレスSPA,,日本橋,,090-8239-1919,10:00～翌6:00（受付時間9:30～翌6:00）,大阪市中央区高津2丁目,https://line.me/R/ti/p/~492hobmo,,,,不定休,完全予約制,,13000,,13000,17000,21000,,10000,,,,25000,6000,1000,11,27,2,0,0,0,,,,,,,,,,,,,,,,
煌めきSPA（きらめきスパ）,,日本橋,,080-1632-4881,12:00～翌5:00（最終受付）,大阪市中央区日本橋,https://line.me/R/ti/p/~kirameki4881,,,,不定休,完全予約制,,15000,,15000,20000,,,,12000,,,,7000,,4,29,7,0,0,0,,,,,,,,,,,,,,,,
マダムの秘密,,日本橋,,080-6128-8686,11:00～翌6:00（受付時間10:00～翌4:30）,大阪市中央区高津3丁目,https://line.me/R/ti/p/~kouji0038,,,,不定休,完全予約制,,12000,,12000,15000,,,8000,,,,,7500,,0,0,0,0,0,0,,,,,,,,,,,,,,,,
spa MAYBE（メイビー）,,日本橋,,090-5976-4726,12:00～翌4:00（最終受付翌3:00）,大阪市中央区高津,https://line.me/R/ti/p/~spa-maybe,,,,火曜,完全予約制,,13000,,13000,17000,21000,,10000,,,,25000,,1000,10,29,1,0,0,0,,,,,,,,,,,,,,,,
Melty Room（メルティールーム）,,日本橋,,090-7928-3439,10:30～翌5:00（最終受付）,詳細な所在地については、ご予約時にお問い合わせください 大きな地図で見る,https://line.me/R/ti/p/~meltyroom,,,,不定休,,,12000,,,,,,,,12000,,,6000,1000,0,27,2,1,0,0,,,,,,,,,,,,,,,,
milk tea（ミルクティー）,,日本橋,,080-9125-1071,10:00～翌5:00,大阪市中央区日本橋,https://line.me/R/ti/p/~milktea000007,,,,不定休,完全予約制,,13000,,13000,17000,21000,,,,,,25000,6000,1000,0,4,2,1,0,0,,,,,,,,,,,,,,,,
ミセス・ムーンR 大阪店,,日本橋,,070-1745-5411,10:00～翌5:00（最終受付）,大阪市中央区日本橋,,,,,不定休,完全予約制,,10000,,,,21000,,,10000,,13000,26000,,1000,0,2,5,14,4,12,,,,,,,,,,,,,,,,
Mrs.Femme Fatale（ミセスファムファタール）,,日本橋,,080-4823-2372,12:00～翌5:00,大阪市中央区高津2丁目,https://line.me/R/ti/p/~famfam10.01.2,,,,不定休,完全予約制,,12000,,12000,16000,,,8000,,,,,,,0,0,0,3,3,4,,,,,,,,,,,,,,,,
Mrs.HOLIC（ミセス ホリック）,,日本橋,,080-9303-2100,10:00～翌5:00（最終受付翌3:30）,大阪市中央区高津2丁目,https://line.me/R/ti/p/~mrs-holic,,,,不定休,完全予約制,,14000,,14000,18000,23000,,,,,,,6000,1000,0,3,1,4,4,2,,,,,,,,,,,,,,,,
YOLU SPA Mrs店（ヨルスパミセス）,,日本橋,,070-6681-0365,10:00～翌4:00,大阪市浪速区日本橋東1丁目,,,,,不定休,完全予約制,,14000,,14000,20000,,,,12000,,,,,1000,0,0,2,1,4,3,,,,,,,,,,,,,,,,
なにわ女子,,日本橋,,080-7385-5289,14:00～翌5:00（最終受付翌3:30）,大阪市中央区日本橋,https://line.me/R/ti/p/~511ilfpc,,,,年中無休,完全予約制,,15000,,15000,20000,25000,,11000,,,,30000,6000,1000,7,26,5,1,0,0,,,,,,,,,,,,,,,,
俺の家 日本橋店,,日本橋,,080-4015-8134,10:00～翌7:00（受付時間9:00～翌6:00）,大阪市中央区高津2丁目,https://line.me/R/ti/p/~orenoie1,,,,年中無休,完全予約制,,13000,,13000,16000,20000,,10000,,,,25000,6000,1000,0,0,0,0,0,0,,,,,,,,,,,,,,,,
Philia（フィリア）,,日本橋,,070-9016-3150,12:00～翌6:00（最終受付翌6:00）,大阪市中央区日本橋1丁目,,,,,不定休,完全予約制,,14000,,14000,19000,24000,,,,,,,7000,1000,8,19,0,0,0,0,,,,,,,,,,,,,,,,
LUXY（ラグジー）,,日本橋,,06-4256-1638,10:00～翌5:00（最終受付翌3:00）,大阪市中央区高津,https://line.me/R/ti/p/~luxy_osaka,,,,年中無休,完全予約制,,16500,,16500,22000,29700,,,,,,39600,11000,,2,29,9,0,0,0,,,,,,,,,,,,,,,,
RESTSPA PREMIUM（レストスパプレミアム）,,日本橋,,090-3575-9187,12:00～翌5:00（受付時間10:00～翌4:30）,大阪市中央区高津2丁目,https://line.me/R/ti/p/~824alvje,,,,不定休,完全予約制,,13000,,13000,17000,21000,,,,,,25000,6000,1000,2,29,6,0,0,0,,,,,,,,,,,,,,,,
薔薇と紳士,,日本橋,,06-6214-5047,10:00～翌4:00（受付時間9:00～翌2:30）,大阪市中央区高津,https://line.me/R/ti/p/~r_to_g,,,,不定休,完全予約制,,16500,,16500,22000,29700,,,,,,39600,11000,,0,0,0,0,0,0,,,,,,,,,,,,,,,,
Smoothie（スムージー）,,日本橋,,070-2369-7255,10:00～翌5:00（受付時間9:30～翌3:30）,大阪市中央区高津1丁目,,,,,不定休,予約優先,,12000,,12000,17000,22000,,,,,,27000,6000,1000,2,15,10,0,0,0,,,,,,,,,,,,,,,,
thoroughbred（サラブレッド）,,日本橋,,070-8368-1523,11:00～翌5:00（受付時間10:00～翌5:00）,大阪市中央区高津2丁目,https://line.me/R/ti/p/~217vrjrx,,,,年中無休,完全予約制,,12000,,12000,17000,,,,10000,,,,7000,1000,1,17,5,0,0,0,,,,,,,,,,,,,,,,
とろりんタイム,,日本橋,,090-7878-9000,12:00～翌5:00,大阪市中央区高津2丁目,https://line.me/R/ti/p/~tororintime,,,,不定休,,,14000,,14000,19000,25000,,,11000,,,,7000,1000,12,27,1,0,0,0,,,,,,,,,,,,,,,,
Un Secret（アンスクレ）,,日本橋,,06-4256-1639,10:00～翌4:00（受付時間9:00～翌2:30）,大阪市中央区高津,https://line.me/R/ti/p/~unsecret_osaka,,,,年中無休,完全予約制,,15000,,15000,20000,27000,,10000,,,,36000,10000,,4,26,10,0,0,0,,,,,,,,,,,,,,,,
VIOLETSPA（ヴィオレスパ）,,日本橋,,090-6061-6644,18:00～翌5:00,詳細な所在地については、ご予約時にお問い合わせください 大きな地図で見る,https://line.me/R/ti/p/~774ghync,,,,不定休,完全予約制,,15000,,15000,19000,24000,,,12000,,,,7000,,2,28,7,0,0,0,,,,,,,,,,,,,,,,
VISCONTI（ヴィスコンティ）,,日本橋,,080-9601-0184,10:00～翌3:00（最終受付）,大阪市中央区高津,https://line.me/R/ti/p/~visconti-osaka,,,,年中無休,完全予約制,,15000,,,18000,21000,,,,,15000,,5000,0,0,0,0,3,6,2,,,,,,,,,,,,,,,,
YOLU SPA 大阪店（ヨルスパ）,,日本橋,,070-5432-7546,10:00～翌4:00,大阪市浪速区日本橋東1丁目,,,,,不定休,完全予約制,,16000,,16000,22000,,,,14000,,,,,1000,8,24,6,2,0,0,,,,,,,,,,,,,,,,
ZENITH spa（ゼニススパ）,,日本橋,,090-9983-0024,12:00～翌5:00（最終受付）,大阪市中央区高津2丁目,https://line.me/R/ti/p/~zenithspa,,,,年中無休,,,14000,,14000,18000,22000,,,10000,,,,6000,1000,3,33,3,0,0,0,,,,,,,,,,,,,,,,
ALASSO（アラッソ）,,梅田,,090-3051-1188,11:00～翌5:00,大阪市北区堂山町,https://line.me/R/ti/p/~alasso.meneste,,,,年中無休,完全予約制,,15000,,15000,21000,27000,,,,,,,7000,,2,30,8,0,0,0,,,,,,,,,,,,,,,,
Arc-en-Ciel（アルカンシェル）,,梅田,,070-7591-0401,11:00～翌5:00,大阪市北区西天満,https://line.me/R/ti/p/~arc-en-ciel04,,,,不定休,完全予約制,,12000,,12000,17000,22000,,10000,,,,27000,,1000,14,20,4,0,0,0,,,,,,,,,,,,,,,,
美魔女セラピー 梅田店,,梅田,,080-8327-6366,10:00～翌3:00（最終受付）,大阪市北区堂山町,https://line.me/R/ti/p/~bimajo-6366,,,,年中無休,完全予約制,,13000,,13000,17000,21000,,,,,,25000,5000,1000,0,0,0,8,9,8,,,,,,,,,,,,,,,,
BEAUTY AND BEAST（ビューティーアンドビースト）,,梅田,,090-6677-1184,10:00～翌3:00,大阪市北区堂山町,https://line.me/R/ti/p/~b_and_b1184,,,,不定休,完全予約制,,13200,,13200,18700,24200,,11000,,,15400,29700,6600,1100,0,6,31,1,0,0,,,,,,,,,,,,,,,,
BELCHIC（ベルシック）,,梅田,,090-9870-0138,11:00～翌5:00,大阪市北区西天満4丁目,https://line.me/R/ti/p/~873wiluv,,,,不定休,,,12000,,12000,17000,22000,,,,,,27000,6000,,0,33,6,0,0,0,,,,,,,,,,,,,,,,
BULL（ブル）,,梅田,,070-1849-6537,12:00～翌4:00（最終受付）,大阪市北区西天満4丁目,https://line.me/R/ti/p/~bullspa2025,,,,不定休,完全予約制,,14000,,14000,19000,24000,,,,,,29000,6000,1000,0,1,2,1,0,0,,,,,,,,,,,,,,,,
うさぎのお部屋,,梅田,,070-2367-0477,11:00～翌5:00（最終受付翌3:30）,大阪市北区兎我野町,https://line.me/R/ti/p/~usausa0038,,,,不定休,完全予約制,,19000,,19000,,35000,,,15000,,,,,1000,1,27,12,0,0,0,,,,,,,,,,,,,,,,
ChouChou（シュシュ）,,梅田,,080-4889-1063,10:00～翌4:00（受付時間9:00～翌3:00）,大阪市北区西天満4丁目,https://line.me/R/ti/p/~981gqgoo,,,,年中無休,,,13000,,13000,18000,23000,,,,,,28000,6000,1000,0,19,15,3,1,0,,,,,,,,,,,,,,,,
COLOR（カラー）,,梅田,,070-1788-5600,10:00～翌3:00（受付時間9:00～翌2:00）,大阪市北区神山町,https://line.me/R/ti/p/~color-esthe,,,,年中無休,完全予約制,,17000,,17000,23000,29000,,13000,,,,36000,7000,,0,3,0,0,0,0,,,,,,,,,,,,,,,,
Darlin Premium（ダーリンプレミアム）,,梅田,,070-5504-4942,11:00～翌5:00,大阪市北区西天満,https://line.me/R/ti/p/~darlinpremium,,,,不定休,予約優先,,12000,,12000,17000,22000,,,,,,27000,6000,,0,27,13,0,0,0,,,,,,,,,,,,,,,,
DiamondFlower（ダイアモンドフラワー）,,梅田,,06-6809-6405,10:00～翌5:00,大阪市北区西天満4丁目,https://line.me/R/ti/p/~diamond0501,,,,不定休,完全予約制,,24000,,24000,30000,38000,,,,,,47000,10000,,2,14,10,0,0,0,,,,,,,,,,,,,,,,
Eden Spa（エデンスパ）,,梅田,,070-1180-2455,12:00～翌5:00（最終受付翌4:00）,大阪市北区堂山町,https://line.me/R/ti/p/~eden-spa,,,,年中無休,完全予約制,,13000,,13000,18000,23000,,10000,,,,28000,6000,1000,6,27,7,0,0,0,,,,,,,,,,,,,,,,
GoCoo（ゴクウ）,,梅田,,090-8189-4414,10:00～翌5:00（受付時間9:00～翌3:00）,大阪市北区曾根崎1丁目,https://line.me/R/ti/p/~gocoo0601,,,,年中無休,完全予約制,,17000,,,,,,,,17000,,,,0,0,0,0,0,0,0,,,,,,,,,,,,,,,,
Good Spa Evolution（グッドスパエボリューション）,,梅田,,070-9085-5794,12:00～翌5:00（最終受付）,詳細な所在地については、ご予約時にお問い合わせください 大きな地図で見る,https://line.me/R/ti/p/~good-spa,,,,不定休,完全予約制,,13200,,13200,18700,24200,,,9900,,,29700,6600,2200,1,11,2,0,0,0,,,,,,,,,,,,,,,,
Grand Ange（グランアンジュ）,,梅田,,070-9019-4365,12:00～翌5:00（受付時間10:00～翌3:00）,大阪市北区西天満4丁目,https://line.me/R/ti/p/~grandange,,,,不定休,完全予約制,,19000,,19000,25000,31000,,,,,,37000,7000,1000,0,22,3,0,0,0,,,,,,,,,,,,,,,,
隠れ家,,梅田,,06-4302-5341,10:00～24:00（受付時間9:30～23:00）,大阪市北区南森町2丁目,https://line.me/R/ti/p/~qkn1800w,,,,年中無休,完全予約制,,13000,240分: 34000,13000,17000,21000,,,,,,26000,6000,1000,0,0,0,4,9,2,,,,,,,,,,,,,,,,
KARIA.I（カリアドットアイ）,,梅田,,080-8543-6546,10:00～翌3:00（受付時間9:00～翌1:30）,大阪市北区曾根崎1丁目,https://line.me/R/ti/p/~karia.i-0222,,,,不定休,完全予約制,,28000,,28000,36000,44000,,,,,,,10000,,0,4,7,9,0,0,,,,,,,,,,,,,,,,
CELEB SPA PREMIUM（セレブスパプレミアム）,,梅田,,090-3494-8008,10:00～翌3:00（最終受付）,大阪市北区西天満,https://line.me/R/ti/p/~371fddis,,,,不定休,完全予約制,,12000,,12000,17000,22000,,10000,,,14000,27000,6000,,0,13,22,5,0,0,,,,,,,,,,,,,,,,
小悪魔Alice 梅田・新大阪大阪（アリス）,,梅田,,070-8497-2521,10:00～翌2:00（24時間受付）,大阪市北区西天満4丁目,https://line.me/R/ti/p/~koakuma20250915,,,,不定休,,,13000,,13000,22000,30000,,11000,,,,36000,,1000,2,20,9,0,0,0,,,,,,,,,,,,,,,,
La vie et 北新大阪地（ラヴィエ）,,梅田,,070-1842-0138,11:00～翌5:00,大阪市北区西天満4丁目,https://line.me/R/ti/p/~lavieet123,,,,年中無休,要予約,,12000,,12000,,,,,,,,,6000,,0,29,11,0,0,0,,,,,,,,,,,,,,,,
LOVE+（ラブプラス）,,梅田,,080-9752-3223,10:00～翌3:00（受付時間9:00～翌2:00）,大阪市北区兎我野町,https://line.me/R/ti/p/~love-plus,,,,年中無休,完全予約制,,12000,,12000,17000,23000,,,,,,29000,7000,1000,0,9,5,4,3,2,,,,,,,,,,,,,,,,
Lucca（ルッカ）,,梅田,,090-4547-1107,11:00～翌5:00（最終受付）,大阪市北区西天満,https://line.me/R/ti/p/~lucca.osaka,,,,年中無休,完全予約制,,15000,,15000,21000,27000,,,,,,,7000,1000,1,10,5,0,0,0,,,,,,,,,,,,,,,,
Mrs.FlowerSPA 北新大阪地（ミセスフラワースパ）,,梅田,,080-4583-9121,11:00～翌5:00（受付時間10:00～翌3:00）,大阪市北区曾根崎新大阪地2丁目,https://line.me/R/ti/p/~mrsflowerspa,,,,不定休,完全予約制,,15000,,15000,20000,25000,,,,,,30000,6000,,0,0,0,0,0,0,,,,,,,,,,,,,,,,
Mrs.Opal（ミセスオパール）,,梅田,,080-2724-9984,10:00～翌5:00（受付時間9:30～翌3:30）,大阪市北区扇町,https://line.me/R/ti/p/~mrs.opal,,,,年中無休,予約優先,,13000,,13000,17000,21000,,,,,,25000,5000,1000,0,0,0,8,1,0,,,,,,,,,,,,,,,,
my graduation（マイグラジュエーション）,,梅田,,080-4480-9738,9:00～翌6:00（24時間受付）,大阪市北区兎我野町,,,,,不定休,完全予約制,,15000,240分: 40000,15000,20000,,,10000,,,,30000,,,0,1,10,6,2,0,,,,,,,,,,,,,,,,
俺の家 梅田店,,梅田,,080-4015-8134,10:00～翌7:00（受付時間9:00～翌6:00）,大阪市北区西天満6丁目,https://line.me/R/ti/p/~orenoie1,,,,年中無休,完全予約制,,13000,,13000,16000,20000,,10000,,,,25000,6000,1000,0,0,0,0,0,0,,,,,,,,,,,,,,,,
PRINCE（プリンス）,,梅田,,080-9753-0169,10:00～翌4:00（最終受付）,大阪市北区堂山町,,,,,不定休,完全予約制,,14000,,14000,18000,23000,,10000,,,,28000,6000,,9,17,11,2,1,0,,,,,,,,,,,,,,,,
Pershia（ペルシア）,,梅田,,070-9312-7030,12:00～翌5:00（受付時間11:00～翌5:00）,詳細な所在地については、ご予約時にお問い合わせください 大きな地図で見る,https://line.me/R/ti/p/~pershia9090,,,,不定休,,,14300,,14300,19800,25300,,,,,,30800,6600,,1,23,6,0,0,0,,,,,,,,,,,,,,,,
Reve MISTREA（レーヴ ミストレア）,,梅田,,090-9644-9612,11:00～翌3:00（最終受付）,大阪市北区堂山町,https://line.me/R/ti/p/~rvmistra0415,,,,不定休,,,18000,,18000,24000,30000,,,,,,36000,6000,,0,17,19,1,0,0,,,,,,,,,,,,,,,,
Royal RODY Head Spa（ロイヤルロディヘッドスパ）,,梅田,,080-7277-4890,10:00～24:00（受付時間9:00～24:00）,大阪市北区西天満6丁目,https://line.me/R/ti/p/~royalrody,,,,年末年始,完全予約制,,9500,,,18000,23000,,9500,,12000,15000,28000,6000,,1,13,8,5,0,0,,,,,,,,,,,,,,,,
session（セッション）,,梅田,,090-9110-0308,11:00～23:00（最終受付20:00）,大阪市北区鶴野町4丁目11 朝日プラザ梅田,https://line.me/R/ti/p/~pub0026a,,,,不定休（年末年始）,完全予約制,,,,,,,,,,,,,,0,0,0,2,4,0,0,,,,,,,,,,,,,,,,
Share Garden（シェアガーデン）,,梅田,,080-4020-0650,10:00～翌5:00（最終受付）,大阪市北区太融寺町,https://line.me/R/ti/p/~share1205,,,,年中無休,要予約,,16000,,16000,20000,27000,,12000,,,,34000,7000,,8,20,12,0,0,0,,,,,,,,,,,,,,,,
皇SPA（すめらぎスパ）,,梅田,,080-9826-3737,10:00～翌6:00（最終受付）,詳細な所在地については、ご予約時にお問い合わせください 大きな地図で見る,https://lin.ee/DhVrfBs5,,,,不定休,完全予約制,,15000,,15000,20000,25000,,10000,,,,30000,7500,1000,8,25,7,0,0,0,,,,,,,,,,,,,,,,
Unknown（アンノウン）,,梅田,,070-9002-8270,12:00～24:00（受付時間11:00～24:00）,大阪市北区兎我野町,https://line.me/R/ti/p/~osaka-unknown,,,,不定休,完全予約制,,20000,,20000,25000,30000,,,,,,35000,,1000,0,6,0,0,0,0,,,,,,,,,,,,,,,,
C-REST（シーレスト）,,本町,,090-1482-5424,11:00～翌2:00（最終受付翌1:00）,大阪市中央区本町4丁目,https://line.me/R/ti/p/~c-rest1234,,,,不定休,完全予約制,,,,,,,,,,,,,5000,0,0,4,25,4,3,1,,,,,,,,,,,,,,,,
Embrace（エンブレイス）,,本町,,070-8459-6551,9:00～翌5:00,大阪市西区立売堀,https://line.me/R/ti/p/~141whgcy,,,,不定休,完全予約制,,14000,240分: 42000,14000,18000,24000,,10000,,,,30000,,0,0,0,0,0,2,1,,,,,,,,,,,,,,,,
おかあさんとぼく,,本町,,080-9602-1250,10:00～24:00（受付時間9:30～22:00）,大阪市中央区上本町西2丁目6-29,,,,,年中無休,完全予約制,,12000,240分: 32000,12000,15000,20000,,10000,11000,,,24000,6000,0,0,0,0,0,0,3,,,,,,,,,,,,,,,,
鏡花水月（きょうかすいげつ）,,本町,,070-4539-5239,10:00～24:00（受付時間9:00～24:00）,大阪市中央区本町4丁目,https://line.me/R/ti/p/~003bjvky,,,,不定休,完全予約制,,16000,,16000,21000,26000,,13000,,,,31000,,,0,0,15,4,0,0,,,,,,,,,,,,,,,,
MOCA（モカ）,,本町,,080-2514-0472,9:00～23:00（最終受付21:00）,大阪市中央区本町4丁目6-25 S-CREA御堂筋本町 6F,https://line.me/R/ti/p/~afv1326k,,,,不定休,完全予約制,,10500,240分: 28000,10500,13800,17300,,,,,11500,21000,,0,0,0,0,0,0,0,,,,,,,,,,,,,,,,
旋律（せんりつ）,,本町,,070-1840-4612,10:00～翌3:00,大阪府岸和田市宮本町,https://line.me/R/ti/p/~senritu4612,,,,不定休,,,14000,,14000,19000,24000,,,,,,,6000,1000,0,4,3,2,0,0,,,,,,,,,,,,,,,,
Anju spa（アンジュスパ）,,高槻・茨木・枚方,,070-1829-3929,12:00～翌3:00,大阪府高槻市城北町,,,,,不定休,,,16000,,16000,20000,24000,,,,,,,6000,1000,6,18,13,3,0,0,,,,,,,,,,,,,,,,
アロマ・デ・バンビ,,堺筋本町,,090-9286-5181,11:00～24:00（受付時間9:00～23:00）,大阪市中央区松屋町,https://line.me/R/ti/p/~aromadebambi,,,,不定休,完全予約制,,15000,,15000,20000,,,,,,,,5000,1000,0,0,6,1,1,0,,,,,,,,,,,,,,,,
アロマーナ,,泉南・泉大津・和泉・岸和田,,080-9940-7749,9:00～翌2:00（受付時間9:00～翌1:00）,大阪府和泉市府中町,,,,,不定休,,,14000,,14000,18000,22000,,,10000,,,26000,6000,1000,0,2,2,1,0,1,,,,,,,,,,,,,,,,
AROMA OLA（アロマオーラ）,,梅田,,080-8811-3453,10:00～24:00,大阪市福島区吉野2丁目,,,,,不定期で月2回メンテナンス休日有,完全予約制,,14000,,14000,18000,22000,,10000,,,,,6000,1000,0,0,1,2,2,0,,,,,,,,,,,,,,,,
アロマローズ,,東大阪,,070-4425-2316,10:00～翌3:00,大阪府東大阪市長堂2丁目,,,,,不定休,予約優先,,13000,,13000,17000,21000,,,,,,26000,6000,1000,0,6,17,8,7,2,,,,,,,,,,,,,,,,
atto spa 茨木（アットスパ）,,高槻・茨木・枚方,,070-2034-4889,10:00～翌5:00,大阪府茨木市元町,https://line.me/R/ti/p/~atspaibaraki,,,,年中無休,,,16000,,16000,21000,26000,,,,,,31000,7000,,1,15,9,7,7,1,,,,,,,,,,,,,,,,
Betty SPA,,泉南・泉大津・和泉・岸和田,,070-8446-2793,10:00～翌2:00,大阪府和泉市府中町,https://line.me/R/ti/p/~betty.spa,,,,不定休,完全予約制,,13000,,13000,17000,22000,,9000,10000,,,27000,5000,,0,0,0,0,0,0,,,,,,,,,,,,,,,,
Mrs.burekuru（ミセスブレクル）,,泉南・泉大津・和泉・岸和田,,090-2195-9638,10:00～24:00（受付時間9:00～22:30）,大阪府泉大津市旭町,https://line.me/R/ti/p/~burekuru,,,,不定休,,,14000,,14000,17500,22000,,,,,,26500,6000,1000,0,1,1,3,4,2,,,,,,,,,,,,,,,,
Cecile（セシル）,,高槻・茨木・枚方,,070-1775-3666,12:00～翌3:00（24時間受付）,大阪府高槻市高槻町,https://line.me/R/ti/p/~cecile‐first,,,,不定休,完全予約制,,15000,,15000,20000,25000,,,,,,,7000,1000,2,15,1,0,0,0,,,,,,,,,,,,,,,,
Drnu（ドクターヌ）,,堺筋本町,,070-5430-5661,11:00～翌3:00（最終受付翌1:00）,大阪市中央区伏見町2丁目,https://line.me/R/ti/p/~drnu,,,,1月1日,完全予約制,,11000,,,,,,,11000,,15000,,5000,1000,0,2,10,10,3,4,,,,,,,,,,,,,,,,
cocone（ココネ）,,堺東,,070-1367-1908,12:00～翌3:00（受付時間11:00～翌3:00）,大阪市住吉区我孫子,https://line.me/R/ti/p/~esthecocone,,,,不定休,,,13200,,13200,17600,23100,,9900,,,,28600,5500,,0,0,12,6,7,0,,,,,,,,,,,,,,,,
FLAG（フラッグ）,,高槻・茨木・枚方,,080-4485-5661,10:00～翌2:00（受付時間9:00～24:00）,大阪府茨木市駅前2丁目,https://line.me/R/ti/p/~flag-menes,,,,不定休,完全予約制,,14000,,,,,,,,,14000,,,0,0,0,0,6,1,0,,,,,,,,,,,,,,,,
FROG SPA（フロッグスパ）,,堺筋本町,,080-3832-1844,12:00～翌3:00（受付時間10:00～翌1:30）,大阪市中央区南船場1丁目,https://line.me/R/ti/p/~frogspa,,,,年中無休,完全予約制,,15000,,15000,20000,25000,,13000,,,,,,1000,1,14,24,1,0,0,,,,,,,,,,,,,,,,
SPA Mona 東大阪布施店（スパモナ）,,東大阪,,080-3781-8405,11:00～23:00,大阪府東大阪市長堂1丁目,,,,,年末年始,,,11000,,,,,,,11000,,14000,,,1000,0,0,0,0,0,0,,,,,,,,,,,,,,,,
祇園 the.Mrs 天満橋店（ぎおんザミセス）,,堺筋本町,,070-9003-3363,11:00～翌5:00（受付時間10:00～翌3:00）,大阪市中央区釣鐘町,https://line.me/R/ti/p/~mrsgion,,,,不定休,完全予約制,,15000,,15000,20000,25000,,,,,,30000,6000,1000,0,0,0,8,11,13,,,,,,,,,,,,,,,,
Lavene Mrs（ラヴェーネ ミセス）,,高槻・茨木・枚方,,070-1826-3777,10:00～翌3:00（受付時間10:00～24:00）,大阪府高槻市高槻町,https://line.me/R/ti/p/~lavene.mrs,,,,不定休,完全予約制,,13000,,13000,16000,19000,,,,,,,6000,1000,0,0,0,6,6,1,,,,,,,,,,,,,,,,
LEON SPA Gold 江坂店（レオンスパゴールド）,,高槻・茨木・枚方,,090-7580-8775,10:00～翌5:00（最終受付翌3:30）,大阪府吹田市江坂町1丁目,https://line.me/R/ti/p/~goldesaka,,,,不定休,完全予約制,,16000,,16000,21000,26000,,,13000,,,31000,,,0,0,0,0,0,0,,,,,,,,,,,,,,,,
マダム江坂,,高槻・茨木・枚方,,070-6517-4581,10:00～翌6:00（受付時間9:30～翌4:00）,大阪府吹田市広芝町,,,,,不定休,予約優先,,15000,,15000,20000,25000,,,13000,,,30000,6000,0,0,0,0,0,7,7,,,,,,,,,,,,,,,,
REFRE LISE（リフレ リセ）,,十三,,090-6674-3759,10:00～翌1:00,大阪市淀川区東三国6丁目2,https://line.me/R/ti/p/~refrelise,,,,不定休,,,12000,,12000,17000,21000,,8000,,,,24000,,0,0,7,11,7,3,0,,,,,,,,,,,,,,,,
Hestia（エスティア）,,泉南・泉大津・和泉・岸和田,,090-2018-0606,10:00～翌3:00（最終受付翌1:30）,大阪府岸和田市別所町,https://line.me/R/ti/p/~r.hestia,,,,年中無休,予約優先,,13200,,13200,17600,22000,,9900,,,,26400,6000,1100,0,0,1,2,3,1,,,,,,,,,,,,,,,,
Restpia（レストピア）,,高槻・茨木・枚方,,080-9816-7239,10:00～翌4:00（受付時間9:30～翌3:00）,大阪府高槻市高槻町,,,,,不定休,完全予約制,,14000,,14000,19000,24000,,,12000,,,,6000,1000,1,9,8,2,0,0,,,,,,,,,,,,,,,,
REST second（レストセカンド）,,泉南・泉大津・和泉・岸和田,,070-3781-5544,10:00～翌4:00（受付時間10:00～翌3:00）,大阪府岸和田市小松里町,https://line.me/R/ti/p/~platinum.sa,,,,年中無休,完全予約制,,14000,,14000,20000,25000,,10000,12000,,,28000,6000,,0,0,0,0,0,0,,,,,,,,,,,,,,,,
TAKETONBO 江坂,,高槻・茨木・枚方,,090-7557-0951,10:00～翌5:00（最終受付）,大阪府吹田市広芝町,https://line.me/R/ti/p/~taketonbo_salon,,,,不定休,,,13000,,13000,17000,22000,,11000,,,,27000,7000,1000,3,16,16,5,0,0,,,,,,,,,,,,,,,,
プレミアムSPA 癒刻（ゆこく）,,泉南・泉大津・和泉・岸和田,,070-5506-1450,10:00～翌4:00（受付時間9:00～翌4:00）,大阪府泉佐野市羽倉崎1丁目,https://line.me/R/ti/p/~771jwxve,,,,年中無休,完全予約制,,14000,,14000,19000,24000,,10000,12000,,,29000,,1000,0,5,4,2,4,0,,,,,,,,,,,,,,,,